Joint 1,Joint 2,Joint 3,Joint 4,Joint 5,Joint 6,Joint 7
0.0,0.0,0.0,0.0,0.0,0.0,0.0
0.0,1076.4963227295898,0.0,-2373.42865275813,1185.0,2120.8219491037503,7.787872180647619e-13
0.0,1076.4963227295898,0.0,-2373.42865275813,1185.0,2120.8219491037503,7.787872180647619e-13
0.0,1076.4963227295898,0.0,-2373.42865275813,1185.0,2120.8219491037503,7.787872180647619e-13
0.0,1076.4963227295898,0.0,-2373.42865275813,1185.0,2120.8219491037503,7.787872180647619e-13
0.0,1076.4963227295898,0.0,-2373.42865275813,1185.0,2120.8219491037503,7.787872180647619e-13
0.0,1076.4963227295898,0.0,-2373.42865275813,1185.0,2120.8219491037503,7.787872180647619e-13
0.0,1076.4963227295898,0.0,-2373.42865275813,1185.0,2120.8219491037503,7.787872180647619e-13
0.0,1076.4963227295898,0.0,-2373.42865275813,1185.0,2120.8219491037503,7.787872180647619e-13
0.0,1076.4963227295898,0.0,-2373.42865275813,1185.0,2120.8219491037503,7.787872180647619e-13
0.0,1076.4963227295898,0.0,-2373.42865275813,1185.0,2120.8219491037503,7.787872180647619e-13
-88.05877862048175,4378.956575678809,-59.431761806864884,4788.991274927283,-341.81204452739297,-365.44110032578817,-5.166517619422864
-88.05877862048175,4378.956575678809,-59.431761806864884,4788.991274927283,-341.81204452739297,-365.44110032578817,-5.166517619422864
-88.05877862048175,4378.956575678809,-59.431761806864884,4788.991274927283,-341.81204452739297,-365.44110032578817,-5.166517619422864
-88.05877862048175,4378.956575678809,-59.431761806864884,4788.991274927283,-341.81204452739297,-365.44110032578817,-5.166517619422864
-88.05877862048175,4378.956575678809,-59.431761806864884,4788.991274927283,-341.81204452739297,-365.44110032578817,-5.166517619422864
-88.05877862048175,4378.956575678809,-59.431761806864884,4788.991274927283,-341.81204452739297,-365.44110032578817,-5.166517619422864
-88.05877862048175,4378.956575678809,-59.431761806864884,4788.991274927283,-341.81204452739297,-365.44110032578817,-5.166517619422864
-88.05877862048175,4378.956575678809,-59.431761806864884,4788.991274927283,-341.81204452739297,-365.44110032578817,-5.166517619422864
-88.05877862048175,4378.956575678809,-59.431761806864884,4788.991274927283,-341.81204452739297,-365.44110032578817,-5.166517619422864
-88.05877862048175,4378.956575678809,-59.431761806864884,4788.991274927283,-341.81204452739297,-365.44110032578817,-5.166517619422864
-271.1929992294647,777.657142757939,-480.99242948589966,1185.0813006977412,-485.81435443269095,-614.5501169652116,6.047063177818687
-271.1929992294647,777.657142757939,-480.99242948589966,1185.0813006977412,-485.81435443269095,-614.5501169652116,6.047063177818687
-271.1929992294647,777.657142757939,-480.99242948589966,1185.0813006977412,-485.81435443269095,-614.5501169652116,6.047063177818687
-271.1929992294647,777.657142757939,-480.99242948589966,1185.0813006977412,-485.81435443269095,-614.5501169652116,6.047063177818687
-271.1929992294647,777.657142757939,-480.99242948589966,1185.0813006977412,-485.81435443269095,-614.5501169652116,6.047063177818687
-271.1929992294647,777.657142757939,-480.99242948589966,1185.0813006977412,-485.81435443269095,-614.5501169652116,6.047063177818687
-271.1929992294647,777.657142757939,-480.99242948589966,1185.0813006977412,-485.81435443269095,-614.5501169652116,6.047063177818687
-271.1929992294647,777.657142757939,-480.99242948589966,1185.0813006977412,-485.81435443269095,-614.5501169652116,6.047063177818687
-271.1929992294647,777.657142757939,-480.99242948589966,1185.0813006977412,-485.81435443269095,-614.5501169652116,6.047063177818687
-271.1929992294647,777.657142757939,-480.99242948589966,1185.0813006977412,-485.81435443269095,-614.5501169652116,6.047063177818687
-238.66946433395486,-374.3853751556965,-200.73824986001478,130.37969872606766,-332.68066876809894,-484.6985831551519,5.52595993174394
-238.66946433395486,-374.3853751556965,-200.73824986001478,130.37969872606766,-332.68066876809894,-484.6985831551519,5.52595993174394
-238.66946433395486,-374.3853751556965,-200.73824986001478,130.37969872606766,-332.68066876809894,-484.6985831551519,5.52595993174394
-238.66946433395486,-374.3853751556965,-200.73824986001478,130.37969872606766,-332.68066876809894,-484.6985831551519,5.52595993174394
-238.66946433395486,-374.3853751556965,-200.73824986001478,130.37969872606766,-332.68066876809894,-484.6985831551519,5.52595993174394
-238.66946433395486,-374.3853751556965,-200.73824986001478,130.37969872606766,-332.68066876809894,-484.6985831551519,5.52595993174394
-238.66946433395486,-374.3853751556965,-200.73824986001478,130.37969872606766,-332.68066876809894,-484.6985831551519,5.52595993174394
-238.66946433395486,-374.3853751556965,-200.73824986001478,130.37969872606766,-332.68066876809894,-484.6985831551519,5.52595993174394
-238.66946433395486,-374.3853751556965,-200.73824986001478,130.37969872606766,-332.68066876809894,-484.6985831551519,5.52595993174394
-238.66946433395486,-374.3853751556965,-200.73824986001478,130.37969872606766,-332.68066876809894,-484.6985831551519,5.52595993174394
-482.0177193886494,439.82020757425505,-593.8194593048778,-361.7371771247308,-114.4249275437118,-410.3019543600996,271.99212529593075
-482.0177193886494,439.82020757425505,-593.8194593048778,-361.7371771247308,-114.4249275437118,-410.3019543600996,271.99212529593075
-482.0177193886494,439.82020757425505,-593.8194593048778,-361.7371771247308,-114.4249275437118,-410.3019543600996,271.99212529593075
-482.0177193886494,439.82020757425505,-593.8194593048778,-361.7371771247308,-114.4249275437118,-410.3019543600996,271.99212529593075
-482.0177193886494,439.82020757425505,-593.8194593048778,-361.7371771247308,-114.4249275437118,-410.3019543600996,271.99212529593075
-482.0177193886494,439.82020757425505,-593.8194593048778,-361.7371771247308,-114.4249275437118,-410.3019543600996,271.99212529593075
-482.0177193886494,439.82020757425505,-593.8194593048778,-361.7371771247308,-114.4249275437118,-410.3019543600996,271.99212529593075
-482.0177193886494,439.82020757425505,-593.8194593048778,-361.7371771247308,-114.4249275437118,-410.3019543600996,271.99212529593075
-482.0177193886494,439.82020757425505,-593.8194593048778,-361.7371771247308,-114.4249275437118,-410.3019543600996,271.99212529593075
-482.0177193886494,439.82020757425505,-593.8194593048778,-361.7371771247308,-114.4249275437118,-410.3019543600996,271.99212529593075
-510.12822133301063,895.1333937083967,-427.9269794120079,-202.70884247132906,-58.247336761592976,-484.9773262535217,43.95017990381565
-510.12822133301063,895.1333937083967,-427.9269794120079,-202.70884247132906,-58.247336761592976,-484.9773262535217,43.95017990381565
-510.12822133301063,895.1333937083967,-427.9269794120079,-202.70884247132906,-58.247336761592976,-484.9773262535217,43.95017990381565
-510.12822133301063,895.1333937083967,-427.9269794120079,-202.70884247132906,-58.247336761592976,-484.9773262535217,43.95017990381565
-510.12822133301063,895.1333937083967,-427.9269794120079,-202.70884247132906,-58.247336761592976,-484.9773262535217,43.95017990381565
-510.12822133301063,895.1333937083967,-427.9269794120079,-202.70884247132906,-58.247336761592976,-484.9773262535217,43.95017990381565
-510.12822133301063,895.1333937083967,-427.9269794120079,-202.70884247132906,-58.247336761592976,-484.9773262535217,43.95017990381565
-510.12822133301063,895.1333937083967,-427.9269794120079,-202.70884247132906,-58.247336761592976,-484.9773262535217,43.95017990381565
-510.12822133301063,895.1333937083967,-427.9269794120079,-202.70884247132906,-58.247336761592976,-484.9773262535217,43.95017990381565
-510.12822133301063,895.1333937083967,-427.9269794120079,-202.70884247132906,-58.247336761592976,-484.9773262535217,43.95017990381565
-341.5818028329952,591.4434347198536,-302.3321175592912,-312.87517254340247,18.716430781170803,-174.40117814339447,1.1537790302405377
-341.5818028329952,591.4434347198536,-302.3321175592912,-312.87517254340247,18.716430781170803,-174.40117814339447,1.1537790302405377
-341.5818028329952,591.4434347198536,-302.3321175592912,-312.87517254340247,18.716430781170803,-174.40117814339447,1.1537790302405377
